Time,User,Phone,Suite_Commentaire
2025-12-31 03:39:41,ads-user,99519366,ref1
2025-12-31 03:39:43,rayen obeey,54545454,
2025-12-31 03:40:02,ads-user,54002163,Nheb nechi ref2
2025-12-31 03:40:06,rayen obeey,32567890,3 kaabet men ref 4
2025-12-31 03:40:18,rayen obeey,98989898,
2025-12-31 03:40:30,ads-user,98700533,Nheb 4 mala7
2025-12-31 03:40:30,rayen obeey,45454545,
2025-12-31 03:40:45,rayen obeey,12345678,
2025-12-31 03:40:48,ads-user,99519333,
2025-12-31 03:40:50,rayen obeey,12345679,
2025-12-31 03:40:55,rayen obeey,35363737,
2025-12-31 03:41:02,rayen obeey,36262636,
2025-12-31 03:41:03,ads-user,35353535,
2025-12-31 03:41:07,rayen obeey,14568866,
2025-12-31 03:41:37,ads-user,54002169,Nheb nexhri referexe 2
2025-12-31 03:41:59,ads-user,93657655,Nheb nexhri 200 ka3ba
2025-12-31 03:42:29,rayen obeey,63526226,
2025-12-31 03:42:30,ads-user,53650700,Nheb nehri 60 kabaa
2025-12-31 03:42:43,ads-user,00000000,Nheb 20 mal7fa
2025-12-31 03:42:51,rayen obeey,56789000,Nheb 20 men ref 98
2025-12-31 03:43:08,rayen obeey,45668800,ref 67786
2025-12-31 03:43:25,rayen obeey,34567800,ref 00000000
2025-12-31 03:43:25,rayen obeey,00000000,34567800 ref
2025-12-31 03:44:22,ads-user,98480487,
2025-12-31 03:44:37,ads-user,00000000,Nheb nechri 200 kaba
2025-12-31 03:44:50,ads-user,99519366,Ahlaa b 5ezzzzzz
2025-12-31 03:45:06,ads-user,54545454,nheb ref2
2025-12-31 03:45:56,ads-user,56789000,jsqfk
2025-12-31 03:46:22,ads-user,12341234,gsfhu
2025-12-31 03:46:35,ads-user,18181655,hsjsshhs
2025-12-31 03:47:32,ads-user,26262626,
2025-12-31 03:47:53,ads-user,53609567,
2025-12-31 03:48:40,ads-user,30405070,
2025-12-31 03:48:59,ads-user,12131415,
2025-12-31 03:49:19,ads-user,12121314,
2025-12-31 03:49:43,ads-user,12121315,
2025-12-31 03:50:13,ads-user,12121316,
2025-12-31 03:50:46,ads-user,99519366,
2025-12-31 03:51:04,ads-user,00000000,
2025-12-31 03:51:23,ads-user,00000001,
2025-12-31 03:51:33,ads-user,00000002,
2025-12-31 03:51:45,ads-user,00000003,
2025-12-31 03:51:53,ads-user,00000004,
2025-12-31 03:52:00,ads-user,00000005,
2025-12-31 03:52:07,ads-user,00000006,
2025-12-31 03:52:24,ads-user,00000007,
2025-12-31 03:52:30,ads-user,00000008,
2025-12-31 03:52:38,ads-user,00000009,
2025-12-31 03:52:59,ads-user,00000099,
2026-01-01 20:16:45,koukimahmoud2,99600159,
2026-01-01 20:20:36,Mahfoudhi Rahma,25723946,
2026-01-01 20:20:36,Ribeni salwa,26344738,
2026-01-01 20:20:36,widad 🫀,24100552,
2026-01-01 20:22:40,ads-user,29173967,
2026-01-01 20:35:57,Sabrine Bhsnoussi,21381831,beige 46 ..
